mut_mnah,wt_nadh,wt_mnah
1.481965924520638e-07,0.0,1.6858739404357614e-07
0.4262995925836831,0.552477287453456,0.4184966795451404
0.5834488731448464,0.8154358042317403,0.40728895352703937
0.5886667513597863,0.6130586350010293,0.4460980768746369
0.5831392164807754,0.46231741339006394,0.46423038723924254
0.8048849178322746,0.5305177500619379,0.37901932224605134
0.6992095198716688,0.6874849343608758,0.4649833352189984
0.7177809623002529,0.6158654239160027,0.5446653450421723
0.7648267481744552,0.6980629276422674,0.3997121369364782
0.6409263006934744,0.6630867202227744,0.5740801296254109
0.7617949015540234,0.6996512902091797,0.5573949923760333
0.575700487378177,0.6862016571193692,0.482901634205697
0.596903386740142,0.6389228473271301,0.5320278364831491
0.7597401558729162,0.5665847408988293,0.674612225891912
0.7036870273532011,0.8114925456843195,0.8253362865959355
0.7898344140261346,0.5974833217490787,0.6291974621046428
0.687546989665414,0.9667520611886092,0.858396230207878
0.6087486034219414,0.7727604594257435,0.7752126241956321
0.7287505505023643,0.771535084461215,0.9070429762110443
0.7475079012783735,0.6973958823573213,0.9838755607627305
0.8054576991447675,0.8044180394901735,0.7212836247005485
0.6997375039556225,1.007928914725274,0.7913396203385388
0.7405346311751394,0.7102972312928486,0.6364451746999378
0.7384827512340106,0.8164381486184277,0.7507238903773691
0.7459479795466297,0.9315860660050325,0.6618653315992298
0.709115697412245,1.0993592691712606,0.8277663593035987
0.7059200448789807,0.7089801868489515,0.7512692189890079
0.7166549069665754,0.804280878152826,0.8624887237253781
0.6625857303748665,0.8212168553360131,1.0493314975067227
0.7896359283349085,0.8089210444809303,0.7704640370860745
0.6901860662868761,0.8349105365881059,0.8716986593734698
0.7161759196361669,0.8428858108488319,0.8415539750440089
0.6516060364260988,0.9534594594293924,0.9203981580373124
0.6833563482613702,0.7338080435175055,0.8923786883589383
0.6992350784213318,0.780208114276181,0.892014243833717
0.7605249847794902,0.7192487459797952,0.9529278583041049
0.7266450062478862,0.7538759948384922,0.962852001773426
0.7216485251921526,0.7686001491382584,0.9684657722254468
0.7506962634936648,0.8313403512568871,1.0520044169515064
0.7074319587323279,0.7677125086477637,0.9137919371810372
0.7706000410981672,0.8244251478138986,1.065841598653714
0.7001803313509077,0.7492962339943614,0.6306799599729721
0.8556450931288381,0.8892728961683998,0.8207136259426167
0.7947016545345685,0.8205220071729383,0.884189613674942
0.8811017095992919,0.8476556511183836,0.9615249000335695
0.8458284352597151,0.8274698688782561,0.8845168260682853
0.7946844076290938,0.834789750534842,0.8762268918197106
0.6743562914673894,0.8810169975859369,1.0113450894836784
0.8705265193789592,0.7253082070323575,0.9292898752201423
0.6281140941206561,0.7908249572686048,0.8967129628766429
0.7107236965211893,0.967364209810166,0.8642325209791486
0.7463821362568938,0.9379122466513625,0.7645046451419039
0.6791189023196708,0.9697351422884802,0.8395676516929225
0.7512545471670903,1.031448613920623,0.7542311016734988
0.6849696288932021,0.6882306845647638,0.7615331291811017
0.7666779203915536,0.7950499566195091,0.8959600460902768
0.8024021755596703,0.7062165038630421,0.9113909945235292
0.6747894539758224,0.9698085530076108,1.0838935294823429
0.7619262900604198,0.8477643315617089,1.0325187887054392
0.8177913037495648,0.8007900290714074,0.9683517849824165
0.8358208913890489,0.9573915005910524,1.072088284632034
0.6486409425061974,0.9052580551738967,1.0622107750143353
0.8178784781059851,0.9615364630968687,0.7898900871381704
0.8195332424679698,0.9805607643036616,0.9636894163683957
0.7073098467498982,0.6982587445658467,1.0883422388881536
0.7912367032648473,0.8131796676870021,0.9680765193209988
0.6493563238673552,0.9065244763884357,0.9064056454662299
0.7380400393018197,0.8344970238643286,1.0154570406103598
0.6498860402036288,0.7306409816987651,1.093983541692636
0.8577344661327936,0.7201247460285678,0.9517030721454011
0.797531143350351,0.8097999772410146,1.0041020152149696
0.7711146882621911,0.6392406133413024,1.1908422344592058
0.7201223964218219,0.7447501683234702,1.1301594739939589
0.824114182077125,0.9518294779492097,1.018775913902197
0.8512833122134469,0.7709263104134898,0.7967561585034705
0.8283671796935247,0.6694573225957867,1.0282379156603725
0.8617313359024866,0.6649323442965906,1.0532114788328368
0.6711516860251261,0.8603046796721742,1.015798761103783
0.8303240040677667,0.6028334286864047,1.0010929743993664
0.6907801782196848,0.721887590672845,1.1256220497723808
0.7135499791278074,0.7288342320793488,0.9397319058971075
0.7924024402801766,0.7600741061390738,0.9052280372277974
0.7393163312981754,0.9824706542668771,1.0078840348967661
0.8429633762832024,0.7967842299636958,0.8212025600698237
0.791757412947359,0.7325409072919323,0.9341223521650591
0.6274960898095086,0.7007243567744345,1.0394389263670567
0.8771615404117971,0.8874228789064053,1.02354774285469
0.7817619547968935,0.8866060002351174,1.0052585093601334
0.8140518105698825,0.7955839119123461,1.0083184720454348
0.6992467351555323,0.7729321129086987,0.9102618719263827
0.7294955601104011,0.7860763787219407,0.9830989393716884
0.7949799547227091,0.7512638994597544,0.7842126538893331
0.8225289456555299,0.7231666351705031,0.9129826080682077
0.7199614270316913,0.7854152259266468,0.9841485956884428
0.6823868913968666,0.7271911043232155,0.9391191285300374
0.7678029601442777,0.7810883306954163,0.9462978959016057
0.8832089038008542,0.57944329954188,1.1189200997580755
0.7011939753106098,0.6721024277222355,0.9926433712547197
0.7383084660025692,0.7276564890336538,1.0236678363199758
0.853370237138167,0.8209717550051181,0.9602275669451107
0.796472250534953,0.5640281127315198,1.0328906686243196
0.8523357552679744,0.7405374781180267,0.7124436462755379
0.739653217162427,0.6497720221798698,0.8933544216750938
0.7111493948109162,0.7974176176051924,1.0868085359570003
0.6941584712419008,0.832473295148427,0.9299335168295378
0.7630013749159051,0.7473403568781457,1.0063088058242744
0.7737393872224364,0.7793258614206001,0.8601470452369945
0.8551751629797246,0.8557670038263764,0.8513947201540619
0.7296269005102589,0.7282566336575134,0.9125544144738642
0.795646590829973,0.7640188409617813,0.9694226814403812
0.8487230971140863,0.6549412013591448,0.8888655073285314
0.7783870348802575,0.6353383708642425,0.8699223374314238
0.7136691982820246,0.7436503075580068,0.9176546380660604
0.6796325005418461,0.792856553912646,0.856359448114125
0.7406748105836422,0.8357898338837969,0.8704482877647806
0.7973821313531635,0.7390371887794455,0.9108375924749698
0.724267998053539,0.8784589941353403,0.9295354094856397
0.7514722696515401,0.8579074215083294,0.8867860549600355
0.8220869504976549,0.7032041775388975,0.8469346749106077
0.7488718833534017,0.6719339677905479,0.8140096948296688
0.815851748491459,0.669577370437944,0.8172751468103181
0.8229155437644894,0.9359977319097885,0.8395669073086595
0.7769586419097896,0.7414878667975435,0.8905848349674247
0.7184268981685625,0.9412764222338946,0.9085394421067412
0.6290970597979517,0.6380665443477709,0.7992933597917923
0.6615693287150445,0.8764859631584374,0.8242286876001061
0.5973964947944576,0.7301516835012228,0.8187653351532913
0.7839233594782727,0.7864813868309143,0.9111253068477612
0.729775784254968,0.8347975680264906,0.8894610989922127
0.6952310980655998,0.7880837329596844,0.8872845814662315
0.8280396104902198,0.8486133763399751,0.8573010886511508
0.673534196074858,0.6328733176547802,0.8661024871509799
0.7450082163471322,0.6427738158694487,0.7786930698151631
0.7383624963302243,0.7950762572533138,0.855876223880311
0.8303705822311166,0.6902212862603857,0.9006507733425985
0.6856893457368676,0.6926974382201221,0.8509300791766505
0.737435916697257,0.861238945123983,0.8710878432752587
0.7754915714270076,0.6895397519599793,0.8829491661241553
0.7674675845234278,0.6303783641379807,0.8971686398791073
0.7409049602229711,0.784371462616735,0.9712334395988889
0.7616715389971586,0.7885155937164295,0.9035668009740829
0.6320698224373503,0.841372543690775,0.8530987073903431
0.6769713024490417,0.8615329647514851,0.9275628861804718
0.702374842795994,0.8432343147527465,0.9079515440468663
0.5407118071343098,0.7601434668485195,0.8560765786296264
0.688654551348093,0.8332533255799058,0.8601381895048198
0.6288575290477648,0.7272963771576104,0.9400097990288718
0.7911706404632595,0.8164616485722545,0.8933824502570493
0.8258002374125015,0.7380668612290758,0.946703777788814
0.6377925878207562,0.8213747874935524,0.882939055793965
0.6751488319761144,0.8059786917992631,0.8469442958194023
0.6193616836855511,0.622323204416517,0.9489544400523203
0.6674544016456707,0.7772335672372077,0.7991569861257457
0.8080411146365817,0.7376111062814996,0.802163810841792
0.7308260894420606,0.6632230550880829,0.9498541685989342
0.7519117756543844,0.8433352893598717,0.8723933390840596
0.6825814139318216,0.9419185495464057,0.8337497296492902
0.7399872387347753,0.829376383929332,0.8210919452344605
0.6965290306328786,0.8134911891810636,0.9177785265344115
0.7474687377526578,0.801502415015982,0.743610707610412
0.8050487121894354,0.8043941920428895,0.9001794916413847
0.6796598987156108,0.8800474046040949,0.8533288878993176
0.6578653351337472,0.7517799388378545,0.8383966281184717
0.872909358980305,0.9004832573024025,0.8755074690420086
0.714539623607768,0.7220976624935236,0.8359371115377335
0.7309156447415638,0.7366724985085977,0.7745434575306303
0.7554892157340976,0.8289660403205293,0.8066035506241672
0.7085978530182091,0.8670787494543367,0.8693096140171447
0.8965998319079092,0.763209051654989,0.8449035958342842
0.7205792313604614,0.6369471283623507,0.9338704544863239
0.7945254033468792,0.7699521342816446,0.7683984349303319
0.6130605792862945,0.7618092174327432,0.851297826769633
0.5871863182819607,0.6993676009229381,0.8729060194862684
0.7454081361665656,0.7487549581345284,0.7993387858756069
0.7282473695323317,0.836987927660326,0.8022427376086574
0.8472183757901353,0.6928517687565401,0.8397173617686388
0.6507546640523344,0.7289624365726916,0.8080761776862455
0.7156698125202868,0.7168833918474303,0.7992594275696046
0.6392323870688926,0.8180971810728216,0.8249544413259896
0.8400109354106976,0.690005867260639,0.7731712595942581
0.6500168946740322,0.7450427098477057,0.8505457449323349
0.6991554813799312,0.7499903181746681,0.845168577342301
0.7501770942429357,0.8102432742418032,0.8784929069964652
0.7678628499577728,0.9122339274790632,0.8453436374071334
0.780241226805137,0.7818319685672946,0.8415564372995658
0.7008354792698452,0.780126801405226,0.9388073495146196
0.7381617959359963,0.7337050936307064,0.919541505360485
0.798711286310236,0.8061691520725419,0.8709610842633883
0.6781365686926153,0.7652914232692103,0.8597205423247806
0.6896727781364571,0.9272881993067134,0.9232196446250663
0.7573612502337129,0.8413447566264926,0.8117463910504908
0.6995201469836066,0.8428747356384704,0.7829483521814505
0.6755006647823631,0.8436428188266087,0.917089549491956
0.6919824576719379,0.7726947228438367,0.8331858422328543
0.7196718955968622,0.7980471604807894,0.8495370101937638
0.6562199758539221,0.7666124449137077,0.8495063062847585
0.8354872584725335,0.8305715434173595,0.7094848690341279
0.6971555325483182,0.8895276927751972,0.923333601467509
0.80123214655185,0.6362198984613199,0.848496139728597
0.7148346018172012,0.7782368544293597,0.8740556155152029
0.8607520853902899,0.71329106295572,0.8963373530158433
0.7912212308236986,0.6454830855744498,0.8784349739097895
0.8377074198187738,0.661428270039558,0.8053548810019954
0.9240105685012888,0.71353098394077,0.7264921457385384
0.9838637625423444,0.8280575026167801,0.8726332872375573
0.696806434586787,0.6955586035127027,0.8242593308695012
0.9432277551213044,0.8143707692153387,0.8099854658698363
0.6718494612076111,0.756680791049332,0.8974837401662709
0.687120965015879,0.7254967492272509,0.8756265079971509
0.5827759356638001,0.7959983172460842,0.8882994777477754
0.6913149530675227,0.9286605453063109,0.7361623475481263
0.704355694310079,0.7398367401553001,0.8480930579206203
0.6551079541563151,0.7500331238288354,0.8845737167610731
0.5488259843147819,0.9162940485210711,0.8691276020308306
0.7118425695976219,0.6471888535327263,0.825280569615188
0.7037646031864613,0.6850125758956429,0.7922838234454009
0.6935529424756499,0.7382161639459642,0.8930589196834904
0.7037511308254667,0.6322816956810069,0.7548779054846063
0.8237476875496449,0.914911667056345,0.8716036327181855
0.6391054286921006,0.4535826738855724,0.845315621426781
0.8411445298620875,0.6997747940289002,0.7847109369426625
0.6646090518493145,0.7688621324950888,0.8893176964386688
0.808338159542063,0.858956556422168,0.7307235380832547
0.7896437805386808,0.8008082411187883,0.9205582995118806
0.6650164209991656,0.8052611737736174,0.8415708717875373
0.6326133882733392,0.8071004874022553,0.9035422219648329
0.5426116796047136,0.6746690494851988,0.7692672316726081
0.7285039491954752,0.7751663770511219,0.8434846592132526
0.640230159259856,0.7851061483749365,0.8805367448135143
0.7341603666177974,0.7089419913373746,0.8571950318469344
0.8254896430109547,0.6521242471603547,0.8009032379847814
0.772692953150362,0.7024838332321142,0.7518085840502802
0.8634287147953775,0.7620816838742864,0.8510712150997265
0.7067627618844723,0.596580752929369,0.8575995103570081
0.8228965513291722,0.7320034708315424,0.8811582299151149
0.7686961989110543,0.7862151039509714,0.9043416071327337
0.6104929408687626,0.9390224034965132,0.7504186689681858
0.7577566210852982,0.7527330075370205,0.8603630328208318
0.6679336122966608,0.8694757314568152,0.9060158529624828
0.8015831171137279,0.8934486715857543,0.7964376325321021
0.6354924811445661,0.6223869711957762,0.8393610512873195
0.8286133828229779,0.7745431583410267,0.8804315894889249
0.7311207029103189,0.764825709337499,0.8879289368599635
0.8042685868770618,0.8359759478388925,0.7681630962427373
0.830689292607817,0.7218962651540335,0.7686819644338873
0.811344408410111,0.7185042058477344,0.8066260893803991
0.7024565736530751,0.8736337206994524,0.7422075131307408
0.8219508889958782,0.7288251722738709,0.8288886754039076
0.7235510032942899,0.8074869283593983,1.047785102257301
0.8505141528246055,0.752190433159059,0.9380392842806137
0.7600644622558037,0.7892177550548911,0.8696322639897313
0.7560833721617913,0.7313522876214368,0.8658523191255789
0.7356200419577373,0.7839086508712959,0.766733715860641
0.678259425515947,0.7415149275757634,0.7536119939149801
0.6869267740003631,0.7763583456371624,0.8347090092960918
0.7402573107401063,0.8147179418546346,0.856363639807881
0.7719687377228541,0.7917259753477188,0.7580869831652352
0.7820383642113146,0.729043966276907,0.7743365190411018
0.7802732118249875,0.71993737042974,0.8820453880640248
0.7311989860101256,0.9034879549122093,0.8276299091619972
0.770251604263128,0.7675075995791357,0.8942312982134858
0.7126886221675344,0.7291150109195564,0.8525887835555346
0.7980025163385944,0.7997837483062556,0.8042170117816259
0.7436969521258371,0.739002913931063,0.7376506729894877
0.7038127550181827,0.8065033745067107,0.7772871657731494
0.5820408809038352,0.7541684887542631,0.8724035021961879
0.7262550584256924,0.8892802307590773,0.8222403906394463
0.8639608031859201,0.7625322105348717,0.9337753362889135
0.8057375811345169,0.7384254497036531,0.9333361627327935
0.7912124080146012,0.7435134223605075,0.9241731946783615
0.7452697732238546,0.8268094276179148,0.8688093489012414
0.7100269182437928,0.6903308173369923,0.8739113968594198
0.8178273295891083,0.8008535060552392,0.7582282399528266
0.6953501024184379,0.8407248138299358,0.7446214837555274
0.7033822796684744,0.9189308393683678,0.8194459993984013
0.8370994441271572,0.7360274953746957,0.8336740922564279
0.6140836718816597,0.7813870890213305,0.7655714073078111
0.6993237391088047,0.8567763507840612,0.8028172430563498
0.7684659387981367,0.7836817401604715,0.7632357689463293
0.8268453448743095,0.7763639771685532,0.8326788179613616
0.8743131921938079,0.7092966685892628,0.8633649774958788
0.7964757141413468,0.8431310459400537,0.7303550964489125
0.8758486669650919,0.8432351258598294,0.8709848100960607
0.7148808783344944,0.7359076290285022,0.8167277467602747
0.6865159332225542,0.7725233247716222,0.9577620439073097
0.8225069537176847,0.7855868745473673,1.0975334225072497
0.7321393250194016,0.7054033527766054,0.8037524903694822
0.7220188580708211,0.7077168870811995,0.8594512483529184
0.781110672835418,0.7348413912382621,0.8856672465972072
0.8309990578232813,0.8435604818241503,0.8256751516986625
0.7560477859528687,0.7871918403117163,0.8686752829938236
0.7335827186443045,0.7714661167075308,0.789376718883144
0.7558015706982171,0.806805350434975,0.8979617433442417
0.8464515500868953,0.7203049581711387,0.838853551283335
0.7695318694798376,0.8867241070197857,0.7488066795111166
0.7698192087759336,0.7391438724992976,0.8753445041004283
0.7169457947045852,0.6918634078645088,0.8427140378408485
0.6971668386578174,0.8713872879534414,0.8845281639720731
0.7890956049679594,0.8411702394661063,0.8491316497952228
0.8354298382721959,0.7769273169981846,0.6950511936076974
0.7720804945160444,0.7934543136135925,0.8569542444179754
0.8045983439041973,0.7808565395731657,0.8282829806234796
0.7890765852039214,0.814000521522576,0.8848661158697451
0.8541998958780549,0.8440347301028748,0.8013523810327837
0.680780980566315,1.0567916716984047,0.9427350708541699
0.7935877207993758,0.8099350984639369,0.8981053031913729
0.6412727620619566,0.7998798922292765,0.7563599960365706
0.6917587385998918,0.8070674828402146,0.8792627532035566
0.7829912350206347,0.7974341850909116,0.9439289319759143
0.7093738055269034,0.8004166599703387,0.8040670069360499
0.6746914859041283,0.778724957435431,0.8094488152570566
0.7384679323802035,1.0043230253060305,0.855412360118701
0.7434605305392716,0.8981686480522685,0.8500140679894265
0.6657215023597242,0.7787684187931962,0.8203131986288545
0.6433470339505568,0.7647492898864625,0.8233541278200056
0.6837910821559497,0.7830316721925418,0.8793327179539993
0.7602927476709131,0.6713771442039878,1.0115960530185375
0.7414869657038855,0.7543211178090818,0.7452296827894548
0.5375832703089303,0.7611996878675612,0.8150967821151562
0.628060913318074,0.7812569555374479,0.8401006950302763
0.8221555655076217,0.7367660153279251,0.7702990914806088
0.785262111641688,0.7946994823157661,0.8367494171912581
0.6806889435347216,0.8110024656267233,0.8370549590998378
0.6125813066249578,0.897096713464916,0.7178897828809907
0.6850656146155253,0.782493020486982,0.8198038926322168
0.7201759660543056,0.6909746396697831,0.9824449573446865
0.7620250661350156,0.8176121416800758,0.8701340401344609
0.7587939971704717,0.8435902680696789,0.80794679859596
0.8195953214537038,0.7194074457403826,0.7685523220274945
0.7312519262837568,0.6891317421923844,0.8311628236673726
0.6621884987734001,0.8235464380310097,0.8659736335588558
0.7797272507675393,0.7657050752485924,0.8453264236560186
0.7534192884365497,0.8959866091194318,0.7556580882337013
0.761128251396127,0.9142369496827881,0.7629987196022888
0.7148076285348447,0.7739799431548031,0.8272540660169004
0.6387272650807828,0.7642378147307494,0.827166368178403
0.750598172234542,0.7756800326316441,0.8956136597666401
0.7381516912690319,0.7229379365377674,0.7501268667677427
0.7720447937281077,0.8069707176913065,0.813672185986065
0.7427712941480464,0.8241595076283321,0.7387059773089056
0.8442586751547546,0.6835455839749798,0.9351787713640292
0.6482723796278201,0.8014978726756901,0.9387617643482316
0.9179421657000972,0.7791786440183062,0.8657988394411698
0.7985168040001077,0.7949193818837191,0.7473099750788208
0.7753566691393253,0.886237729550344,0.7594324955802301
0.7992711463149325,0.7539227221760636,0.8193341596091795
0.7831289110645248,0.7673834064635451,0.879615975972994
0.7608688174777755,0.8454068237484202,0.7240277677903721
0.7677566980530179,0.7503396613236828,0.7440006535484106
0.7315054309707522,0.6641997014838193,0.7961782564879553
0.8237699725116965,0.7821683736366871,0.7373581567320796
0.6203099387529787,0.7246838611933276,0.8027738827444636
0.7379577202965786,0.7606058827193027,0.904235794944822
0.662810477484124,0.8082092736428829,0.9032024265038812
0.7126329196618109,0.6810107002831256,0.8653843074494063
0.64670947251486,0.6712605103974657,0.9663563531452029
0.7283022505559507,0.6871627580539529,0.9423608161644971
0.839218574954073,0.7446409489693431,0.9108629627032147
0.7010733402087738,0.8159586468564002,0.8937155994388172
0.6080732197839777,0.8914173586247186,0.9843694028677553
0.7432121436856409,0.7419082227960779,0.9138732700438285
0.7024732524929722,0.693055043587612,0.8540387417758445
0.6805872498155852,0.6947750696128535,0.9412841455133967
0.6707214451995982,0.7209702147915954,0.9575204791561847
0.5480811028342822,0.789791336986865,0.9411065943870403
0.7498359190802564,0.7301466929489054,0.8469606492233176
0.7420617120290066,0.7353209360149722,0.9066823896462869
0.6931589605110553,0.8471359780005278,0.8000955030521141
0.7385534686470855,0.7577222563184283,0.8577279102087283
0.7902765739739582,0.7612677192808638,0.7611462241478096
0.7227409083991947,0.7129750633616404,0.8042061807040672
0.7712781534667639,0.7299676253050489,0.7772805172583384
0.7864484275671436,1.0455156166228898,0.8897616230530364
0.6936910425762206,0.803517631294675,0.8739802070372503
0.6013946608238432,0.8274193061603187,0.8174249233081534
0.7726782051372661,0.8121321002779099,0.8802721498901396
0.7621226726697877,0.7648900818642119,0.892613968224843
0.6657854838210089,0.757139707671233,0.8107485907061787
0.7844267076184539,0.7749374904099564,0.842784353074444
0.6659226083245313,0.7753755988727947,0.9639766816406251
0.7449267040049071,0.7362995373857134,0.8749246522736074
0.7799928083773919,0.8226935878097422,0.9651072330903104
0.628388359961713,0.7635013049997337,0.8099778094393204
0.7234178016552261,0.6819443284967484,0.9422242333207451
0.6841948123753353,0.9582267739706687,1.0278113468354853
0.7034052578585275,0.7317269741588167,1.0463803296989211
0.6848203349916433,0.8334563411095218,1.0665026606025474
0.7759200258707237,0.7509552969733024,1.0498880267600217
0.7141659841675091,0.7897441742793717,0.8355138250169004
0.7214140609591666,0.8410949958113673,0.8474750848111329
0.684954315436869,0.5793180729498681,1.0254673271629766
0.779740359316779,0.6577402154785763,0.9977129998251514
0.838622338704509,0.8633221782243776,0.9493521358840978
0.8310238005010029,0.6606628060426094,1.1189872593497385
0.9398017738554116,0.7608004816379693,1.0394199026775723
0.7952912350332867,0.7312188018488849,0.9592873117348637
0.892708924705311,0.7327144250891517,0.8489918104852248
0.7850658073649445,0.7677235756609215,1.125410472725206
0.7405620748662061,0.7821447338823683,1.3357744564114185
0.8750335584887626,0.7719460511939047,1.108368643486966
0.8021353266566739,0.7450291678585086,1.2378274648277252
0.8132398295968687,0.6016850299318393,1.1738586771107558
0.722580244046317,0.6352579813056171,0.9421020711115202
0.7378566258786955,0.6416710596435325,1.2119709814532391
0.7388210465402222,0.6265987753432735,1.1668458676804554
0.7027835938300373,0.7636457515078912,1.2146069406073572
0.7562294276692604,0.5646491267952694,1.1794197701810327
0.7384157563127719,0.6947329591679121,1.2255297138052343
0.8488975456319269,0.7231205695693709,1.323032860613587
0.757749797608977,0.6914627923718315,1.1846456812389838
0.8426550345687259,0.7893781651434544,1.224604391016255
0.685057634916971,0.7905687941735536,1.2994104053207278
0.819435576788346,0.6721302561337955,1.1369009830011614
0.7587564330462541,0.7138580124984949,1.191782798750814
0.721659665734809,0.8865684802478644,1.151122381877731
0.8428962528948093,0.7481870737152083,1.1315439344839406
0.7936095761983689,0.8255120987649429,1.2201207800134144
0.8266584633662863,0.6504844239206214,1.2908811235845117
0.7345556310402774,0.7784732110031897,1.245338200745444
0.9929971932411159,0.753087544578518,1.1358648104361924
0.8653566385895165,0.6851496627596633,1.089187099719916
0.8503219646530261,0.7922821885605711,1.0640768638283806
0.6302685009819591,0.699785851145752,1.1894070644372308
0.7505606798514644,0.7945682330042292,1.2586998104936713
0.7664837062500377,0.8413570893709155,1.0796150938478122
0.8136685390713345,0.6137928282378333,1.2111872071119039
0.7886548267987395,0.7979180669369331,1.1280543204172033
0.7557106294090188,0.635454291165901,1.182664745583708
0.7950729814380841,0.6647316793344219,1.1533344459003378
0.7042198683982349,0.6201370918070297,1.012443039606909
0.7450701725451223,0.6757426891095252,0.9420835820343346
0.7688175265961423,0.6617827204011577,1.0114378649899203
0.8102854823503424,0.7469979320223342,1.1407189872755499
0.7945113212036111,0.6581897008130978,1.133545015474124
0.7361750852568094,0.6841574072083247,1.172252863283266
0.7382338448827805,0.8555146741446114,1.0578149309071223
0.7966851930183552,0.6576471634300609,1.0642298217067259
0.7794192101893278,0.7087502468467958,1.0432095582360463
0.8850556179447155,0.6943211244002025,1.1109614259524425
0.868780770188862,0.7360148572617411,1.1007800010523563
0.7984178301720024,0.554200270628498,0.8717744582115756
0.7567047509749211,0.6286354215814774,1.0866957819629068
0.6901970608647748,0.6955621302533669,1.0238249746258965
0.7181918917364676,0.6615955252285863,1.1066801708172629
0.7321041349581044,0.6956559121393013,1.2886210266474971
0.7703952154428413,0.8677594990153015,1.134608682243545
0.8166455161133649,0.6835636682471621,0.9156456593785607
0.8087302435664723,0.6068020636150206,1.2837091269842815
0.7550756663411007,0.745324642566389,1.2052891939024204
0.8357778433818235,0.6782533708563441,0.9686465771064043
0.7948911439909246,0.7599155473546223,0.9348317169918837
0.6659415890930414,0.6241374789467953,0.911417011841225
0.8009673539899552,0.7124416731762294,1.0089992282231486
0.7326598779967024,0.6833248738603025,1.0359003374266784
0.6687822479677811,0.6558578457741779,1.0280592500042018
0.7267092360097641,0.6317172191282815,0.994449765324457
0.7232300024485383,0.5863571252540413,1.0112091421924045
0.7297668199139401,0.7820658967693132,1.206012818001824
0.8601574265992585,0.6983157335813466,1.0251103335081155
0.9472583802625507,0.5467973257548348,0.9092502275620143
0.6840135572109188,0.6844630313644652,1.1258669640630585
0.7821281931738379,0.5918147104473717,1.0272029388203763
0.7517231588187948,0.7762089940900669,1.0308055026689882
0.8067889610171982,0.6518318728013762,0.896486287718474
0.7911577255732513,0.7403661705327644,0.8836854697388702
0.840276948346834,0.7503419795754579,0.8865178982096543
0.66780014074447,0.7792224409737385,1.0177723739164144
0.8616390393146051,0.6868426006845743,1.0673984131067098
0.7161579057678069,0.6734442320187605,1.2763178230576588
0.6880272358906111,0.7517151442263178,1.2329390164414848
0.6933718777422254,0.6406750462425258,1.2705994592173855
0.7175073185272409,0.684094135290195,1.1276169131830462
0.7801209153105104,0.7173424576846874,0.9131987577599354
0.5528031412916966,0.6422018731532064,1.073209134519867
0.7337297462490769,0.7791641413087733,1.07859059997971
0.778169484757353,0.7273492762046764,0.9987959555878463
0.7908734264576336,0.7147267068561355,1.0905381812980228
0.7818102695092997,0.7641408188510462,1.1676795509353672
0.8381630295640025,0.6963382535212327,1.180913656402029
0.7837793013841335,0.8296068442387297,1.1000895502840542
0.7972449455265811,0.7325012130322066,0.9654607807229318
0.788452529236643,0.7951619744743357,0.9692405171786195
0.872315430267932,0.7719095707453381,1.077398083749078
0.8230637964870684,0.6732869592566847,1.03593918676093
0.8700888096116943,0.6529620315783764,1.0353626243539946
0.8507123061418008,0.6952684425036217,0.9018629838522734
0.7534830934052401,0.7368930662896783,1.1028884569302921
0.8501973213216313,0.6332828811820985,1.130666650028075
0.8344825390888195,0.7016310368443108,1.0419854182047992
0.9062122134313547,0.9343662157476426,1.0975470004770267
0.8534950552911577,0.8510979199833617,1.0613309065039043
0.7724560867995828,0.7859551201435049,1.0404434175894446
0.7577145313481051,1.0041340405020214,1.1138075109812404
0.7620997375042453,1.2721662069045832,0.9048506775697202
0.726425668633485,0.7453921187570406,1.0852382865769397
0.8091428701247775,0.6773944250118988,1.002840796436942
0.6758944658600651,0.7800284642925503,1.0532315814877256
0.8402295882033407,0.7949204317245062,1.0951672357097513
0.8749265180998546,0.7569193439849865,0.9996660243664213
0.5932166611055182,0.9965353180046664,1.0058712815721862
0.6623435163822109,0.7339125497271259,1.04903285889943
0.6732463366770031,0.746109387360926,0.9852374536507249
0.5891530071806835,0.7605393139905348,0.9742138975163327
0.7844652043046202,0.7368747080623876,1.1080460272705033
0.7229792543034935,0.6504791726425679,1.0087958109035031
0.7309157294583924,1.0011167007152943,0.915899583278237
0.6703776087140515,0.8463853242502393,1.007756022984519
0.5979929965296744,0.9457144175284644,0.973369121686528
0.7136568810214253,0.7482145910934512,1.0424113621885305
0.804065417361721,0.73902918865642,1.018297028085258
0.8077333240255671,0.747288980022545,1.0265397428755607
0.6965909109679244,0.7671607896034387,0.9094780916246837
0.6213706157823332,0.7244374529257733,0.9590281497344384
0.7708011565975573,0.6674933068353731,0.9946645059232117
0.7726715207660634,0.6970452166980486,0.8538838976503696
0.759958160104676,0.6647193997682072,0.9805992977537045
0.716521175880853,0.6103406068094374,1.0939116955616501
0.81232996410359,0.7526486821723443,0.9367175761976697
0.6905398924849677,0.721369640502609,0.8843741308708912
0.9129148495841923,0.6707372182956354,1.0021753560400393
0.8113390559548865,0.8333940626583437,1.0791902605021848
0.7776665719335016,0.7175668264409473,0.9769261181725923
0.7500996213024013,0.8138408145187557,1.0366582415275372
0.7214755872386599,0.7910389318006552,1.0701640473647211
0.747637519791915,0.7856737505672376,0.9851244110925764
0.6894979326371409,0.7500402303280267,1.0338803475986755
0.6885225777772761,0.7760223765460498,1.087716837128609
0.6479453946400202,0.7302406328810197,1.1780036359383883
0.740187307125958,0.7538471981540938,1.1525218328171767
0.796556112163511,0.6737742542019922,1.1139436593257417
0.7625377797801034,0.5495277491976576,1.036520736597949
0.7464655841533494,0.7791008547929325,0.9919895927712968
0.7519936245515537,0.5572912247332074,1.0751093238765548
0.6859931792826003,0.7156573216017552,1.1079828017308377
0.7676532071048501,0.8378932437482357,0.9275972931839879
0.6939246485425273,0.713699805424649,1.0322961237736366
0.5939475455027267,0.756257488545749,1.0938463940028407
0.6520163736659013,0.6765363663196562,1.0724886673338225
0.6604094719284154,0.7655861905511053,1.1489724623909414
0.6477931359395056,0.7089386144345594,1.1112181295204386
0.9661989083258089,0.6904464858581444,1.0663520367360855
0.7122162658628929,0.5809976657007446,1.0401306800869607
0.7609476036554683,0.6946475523096154,1.1658199418697957
0.7637817291992154,0.563241937675362,1.0775992589584964
0.7721932359242184,0.6293566988878513,0.9750477758874413
0.7872379144715964,0.7445572040839055,1.0133998636746337
0.7606218252949176,0.8631510883642763,1.1752482636077999
0.7323264295395534,0.714682254024776,1.0178850296018669
0.8394834483086908,0.704604503932907,1.074287058642224
0.7344670510374723,0.9412316997887976,0.9730315529226521
0.691065648664482,0.6909429802177712,1.0372053521844258
0.7016577010926074,0.667012332045746,1.0446445555480037
0.9008883601919169,0.7426217567730281,1.0834435034325465
0.7930425023074351,0.7031611065096444,1.0475335916775261
0.6722190621581122,0.7355479979140992,0.8816199407777302
0.753312742273165,0.7784066717330522,0.8978815231550183
0.84252783198477,0.7355301546326376,0.9919000820920528
0.6908457593320283,0.7813646729670545,0.8792722822613511
0.7920321522051671,0.6988904331906589,0.8790569176939577
0.7752354888078208,0.7281526612288445,1.024404442307285
0.750287930482691,0.7251031661643572,1.1064462354891176
0.7192242616334374,0.7506411065552825,0.9865367895162783
0.7909901232616846,0.6814497984179955,0.9742898787359386
0.842032266175768,0.651198142567151,1.075748976118203
0.7485603312076421,0.6533927938034929,0.86810300680443
0.7702499577407067,0.5257394953625365,0.9586127434197272
0.77838297484782,0.6863426161717242,0.9727529910713788
0.839069732696545,0.9724924090939155,0.900337947381602
0.7191682971836519,0.5459570010601438,0.9566457195628626
0.8392619073429806,0.5100526645025037,0.8895109665782237
0.6733033895048407,1.0303822310930912,1.0499589085561873
0.8051492184516894,0.8051149159634786,0.9245736175649663
0.81017576390758,0.8072637491820692,1.0074118978384032
0.769265270875611,0.6676552312371454,1.0353493765828505
0.6747049263324577,0.549884823292674,0.9584369961848489
0.7036153789067882,0.6480111364344431,0.930963183661082
0.7137963798381333,0.6493298197508832,0.9298344577924924
0.7324974708116272,0.6949035101550262,0.859586778583075
0.6929071104592144,0.7440107439890099,0.8872045603144767
0.7676219738631848,0.596014702443844,1.0482820268853947
0.9463585599411038,0.7040100956009768,0.9716341943853286
0.7432280887428783,0.7620930860444903,0.9453906498588308
0.8063306776429426,0.676770286774056,0.9943373251766592
0.7154280316684363,0.6469546674555214,1.0081268957389025
0.6719455325122731,0.7518773168949667,0.9005129992183577
0.8527196901352918,0.6904163333032379,0.8996372696262448
0.6792979036958146,0.691170405441681,0.9102103501439832
0.7268820172807196,0.748168139879799,1.0471948572756264
0.7613762893687169,0.6311967470655329,1.002228269534847
0.7473776084199554,0.5364817684257619,0.9902857755009383
0.7114046671988019,0.6749437966993797,0.9696145681116417
0.8103980346746733,0.7696972040780252,0.9746204776969132
0.6987884726249275,0.6884182514320427,0.8751652340714445
0.7792804829543014,0.8366632341127813,1.0757324812702913
0.7457781457664618,0.6497039961457328,1.001162627003938
0.7948351866582077,0.7007845921389354,0.9862936419719819
0.8515874299613159,0.7418103683663917,0.9864440611748977
0.659102464886632,0.7346752470745587,1.0145739063606785
0.8720656586617047,0.5893552289322861,0.9345014524631551
0.7223196123299548,0.6753472144763185,0.9274544814674062
0.6357208247668679,0.646087550029255,0.8862296574554258
0.737992412033201,0.7233568863258714,0.9282053610772287
0.6429655899771841,0.8084591839313457,0.9965834987001553
0.757839789894607,0.6950881002916288,0.8184243541467162
0.7753961955004602,0.6554141107670387,0.9026683810502503
0.8593091715328663,0.6487791825745725,0.9093325681666395
0.7199644999717927,0.8584692791863114,0.9381159704509547
0.6632913832949852,0.609184686941415,1.060353821726169
0.7078571811815576,0.6750850740034955,0.9976376424854466
0.7849415302919212,0.8469196823921599,0.8706585519914566
0.7532664693803824,0.7716087998768113,0.9204608342468023
0.6323011257865222,0.8262821510668606,0.827520304328684
0.7068285301426357,0.7575500701110676,0.8414966936092765
0.7099511307595958,0.6963361874894702,1.0257424903135057
0.7702839154641379,0.6967758439042262,0.9449400184383283
0.7689178433315742,0.7139066910091506,0.976068690715849
0.6220703858839263,0.6564963584174501,0.8415382007757681
0.7509688864147455,0.7822228872656396,0.8717969133542063
0.6490248942302872,0.672973958666862,0.9368195520811646
0.8226674640090927,0.6790375592965792,0.8698291852264366
0.800556916398243,0.7490711033829166,0.9717099286120874
0.7367139750579312,0.6418569079559232,0.9013886670468081
0.7984181797299433,0.7576315332635495,0.8978265135544944
0.7266634454994977,0.7437548285757493,0.9888119475850009
0.6704458124631181,0.7440592551835566,1.0039270737684107
0.77698848874066,0.6443787658187183,0.9482684858107859
0.6744601592942164,0.7262699709686136,0.9774602964135194
0.7896661795602286,0.6419005086263755,0.8983159833684569
0.7725256381110297,0.6608052507604089,1.0179332972420638
0.9181012261006871,0.7562173467833481,0.7878404235710419
0.7732900451229217,0.7145108629305517,0.8591517027837028
0.7777590911836766,0.6341491106068731,0.9608303261283369
0.7416351641755518,0.6361805142347564,0.9461149650939228
0.7725731423553561,0.7707749938506778,1.119008673485598
0.7889825437432342,0.7270993133078113,0.8953940363116307
0.8117178831512323,0.6502304820718678,1.0029782592992675
0.8609261645526609,0.6881507618819831,1.0152556972369755
0.6876401430351831,0.7178836357561137,0.9800934777820823
0.7608023320526831,0.6937901685684775,1.0390064340844625
0.8070926490657568,0.8017842264555275,0.8649369958537204
0.7803923754775342,0.5993414644412763,0.9409557919563084
0.6275725504456338,0.7028260211870445,1.0082143377680783
0.7017774812412978,0.7450672488522739,0.9855163074438589
0.7520169159253802,0.8039725321281929,0.9827070950748515
0.8171696115342629,0.6873527043330594,1.1238046338716543
0.7368730037056896,0.7563765205288162,0.90749104981534
0.8300228257562761,0.7415732270614434,0.9352204018739871
0.796003308400556,0.8596135145270964,0.9821771113306318
0.6839906353125119,0.7697064559069199,0.984720575210622
0.6979706478424149,0.7485170521756143,0.9727463512877048
0.8654692918538051,0.6364911056439909,0.9326922976281105
0.8200629641399304,0.75629328822939,0.923524823039666
0.8458816358385394,0.6392620679084666,1.0022999896186657
0.6906879547577286,0.6413695100094611,0.9167286495804136
0.790972552741947,0.6173900528763947,0.9618718634921339
0.8505907743221526,0.671986044394939,1.0306325027576417
0.7017888522020521,0.7636742571321014,1.0408131731912484
0.7059204539531401,0.6295864928158239,0.9389398209300469
0.7568097722389924,0.6124601069421963,0.877811562328229
0.7733678868353846,0.7919542366930064,1.0927882208262059
0.8024577673620822,0.7209521628127485,1.0106595166534504
0.876972968261172,0.6664799440739548,1.076513215354132
0.6791575608303395,0.8980391765550959,0.942068629018456
0.6391295764621493,0.7099830625601959,0.925487979511592
0.670985239688269,0.6560261757373788,0.9471865286961058
0.6570871317452827,0.6502342074717342,0.9617504848218532
0.629019643764554,0.9282088185133008,0.9534590138932794
0.8653776454686708,0.8269394354380448,0.9889982287215527
0.7161474278632532,0.7126746949204846,1.0676469410573464
0.8305342653453178,0.7658234149546986,0.8948685352205594
0.689753173449172,0.6729925818910429,1.0020405213111392
0.741847207112264,0.7103968074576353,0.9696502670198719
0.7966124129765374,0.7089608940649038,1.0049276046499616
0.7898122251558518,0.9152019592989826,1.0175890351635546
0.7647737213023932,0.9333678267427884,0.9895546294513329
0.7504159980299396,0.6923522600456785,1.0116054356259347
0.6700928463491883,0.7081607206897423,1.0626374783591601
0.9408733259995443,0.7087157879864576,1.009872485076787
0.7332968524787702,0.6828438129249688,1.1646861005994313
0.782432094029954,0.6799539813957353,1.015754686129326
0.6710276287007007,0.6622408140637746,1.0903263583935905
0.7516668082239887,0.7857101705268118,0.9295496035232782
0.8479907283647042,0.6895684241641947,1.040651660301576
0.8265706975410603,0.7747683631746265,1.0578702858626645
0.6968379989901687,0.5786623462200201,0.8955209169614406
0.607578713283497,0.6154370156521253,0.913918557148344
0.652102121204278,0.557703572715978,1.000360593111483
0.7064977018550261,0.7011234174515486,0.8941740730838083
0.7254793526178631,0.6281371612641979,1.0345259611068807
0.7892337254260918,0.5755755480938757,1.0139281705516265
0.8795322799154264,0.716054483343345,0.9697232237164196
0.9024718024916389,0.5377461491286312,1.0151046842722602
0.6254399470041835,0.709379131546061,0.9329933012674638
0.7548364862833113,0.6143840452249452,1.0463469956188403
0.6400013005954139,0.7404904783525507,0.9336938857025898
0.768751618819513,0.7281291499665267,0.972804949197378
0.7290667065807802,0.6917883657464983,1.0120229106071226
0.6239510042613483,0.7625443503672449,0.9614676775750169
0.7456058233434965,0.6784320378442937,0.9411558704301005
0.6889173265315311,0.6488852558869992,1.0496737926710538
0.821620305103738,0.7330933121488408,1.0324317139749892
0.7848399074087894,0.8038713147103456,1.1186623132923137
0.7330599263005543,0.6666052992884669,1.0994661025591115
0.8054867534740714,0.6356990350930961,0.9888866759486131
0.6461639471386501,0.6461493539552712,1.044535991904468
0.8017065045131565,0.5735944176159721,1.0191784395751504
0.7251926310802211,0.7547704357025105,0.8858199806355884
0.6317117846987816,0.766872248984064,1.0954242260532736
0.6638507272759466,0.6280265072253176,1.1068496957090372
0.8416681112912858,0.8149499896518856,0.8812475581492026
0.7919838125532213,0.6652329960621602,0.8973708775062628
0.8434472597767353,0.7547245813819138,0.9612467722493991
0.7402368386418852,0.5930829809967219,0.9724282674119307
0.7778123728213062,0.5373539189329938,0.9970769008118766
0.6456608375234941,0.6095168150331247,1.0057307743095818
0.7316478073942531,0.567324643642791,0.9929872439882861
0.7847391641354529,0.6884214183700231,1.0517892842905194
0.7756907937254843,0.8294135871225986,1.1458446631874937
0.7623427277096572,0.6337360527857143,1.0393017846919457
0.8243500031254684,0.7030988688582769,0.8938651858250635
0.7185853015688479,0.6698981761430552,0.8286883116997096
0.8054606683604936,0.6608061320271086,0.8626775819437343
0.6894167748720985,0.6814008265032151,0.9275408846247849
0.8355709096710159,0.6649013149313598,1.0664329450448655
0.7611495610965804,0.7964818932414804,0.88742239544539
0.6057744470046553,0.7220283580329842,0.8431312943171932
0.9310432865484066,0.6470753924345178,0.9326787955265251
0.6878847743891529,0.5485453189876168,0.8427001918498563
0.8158923743251694,0.5786274342729579,0.8718800992066037
0.7137650919168864,0.6599657045116201,0.9647569839320446
0.8127874595186668,0.9142265048977837,0.966244971902619
0.5618905129761104,0.8423991186170178,1.0010392724637935
0.7118347258446948,0.9637341507272439,0.9611177725726463
0.6884857880244998,0.8781970043940794,0.9198034205130555
0.8487808573999474,0.9163694479349758,0.8830569163263365
0.7956588534885969,0.9741978897844634,0.9363261118827424
0.6918885739519641,0.8461806663284572,0.915513974590245
0.8778810840711009,1.0789170356574291,0.9464526274439333
0.6533316951075261,0.6372909272970434,0.8659915233868245
0.8533672032421934,0.7196068118265264,0.8646019257946244
0.7633574008765134,0.8035166188360352,0.878772973273251
0.8493825476275858,0.846882637789076,0.8555239741774794
0.7882403295438793,0.7037741813687205,0.9574497859583865
0.9189236502599583,0.6714431078566543,0.8594154422502888
0.7481477693551423,0.7025689613224361,0.9516434428634335
0.7489253235618728,0.5928412674443694,0.8782158667676407
0.7718177276546107,0.7074160843417024,0.8543620246820864
0.6825857681853297,0.5651393922585066,0.8596218517504137
0.8577388664671255,0.6137150816727737,0.8128476956570413
0.8976969248863577,0.6540402477101681,0.8039109986202309
0.7211034760791524,0.6324248231854196,0.7763224622800041
0.8220231562836715,0.6321830095459992,0.9152901558340646
0.7706525316678839,0.7806983628062443,0.7548453950562688
0.914905422705899,0.7086116170592849,0.8733582433565837
0.9270295964584192,0.6602987390544848,0.8691707806690225
0.7403470905376603,0.5397959238534454,0.7971033698222384
0.9074947399061908,0.6771811641390078,0.7930324235814817
0.9018412871811311,0.7226071576844657,0.941354391819219
0.8634992261571423,0.7802997383935846,0.7582282314790872
0.7723408891711864,0.6623849491363412,0.8955200210046921
0.7449336419975549,0.6169031897176043,0.8526617307202924
0.7815344486975063,0.7679905773153897,0.8539486043258997
0.8372776211911541,0.7429290550980608,0.9039594582777036
0.7071090819598006,0.8090426951371783,0.9531740910427293
0.7915349470521572,0.6928359450247226,0.9372673575522712
0.6607137233711396,0.6957074487049425,0.8717607461938073
0.6045210993114202,0.8194120922313698,0.8897335217795475
0.8425211260934087,0.8934132586486717,0.9368801100762953
0.8331286430447989,0.8257447721787609,0.989237182821533
0.7608795720627838,0.7896857429842988,0.9003823676120921
0.8165253779230928,1.1263473631693652,0.7981740612345708
0.8720801749882721,0.8104043344264411,1.0203249473623897
0.7728565008112551,0.6046819421493862,0.8631967444779873
0.666979151547991,0.7488159781293428,0.8105505784222401
0.7746571840344101,0.7064336388713552,0.867981325444876
0.7225772475647291,0.8640718686186519,0.8820101371832467
0.7074976824508257,0.801858821468652,0.9565098109086614
0.6079219104339741,0.7270456955965644,0.9788601395160192
0.6450254586575886,0.6970425314533938,0.9201139612465402
0.7910034154390382,0.5721170870541561,0.8661712392773079
0.9020637861089714,0.7448082714853126,1.0284728102863603
0.6457873558500635,0.7655680888105585,0.9320978569781844
0.6672336342222858,0.6372995730044624,0.9547546908443246
0.9608359735598706,0.5960017554825857,0.8989337997131766
0.6656915254259002,0.7277327084015183,0.8145953086329357
0.7107895931871518,0.8198804381536946,0.8859040000970276
0.7162132214017708,0.8467918134164095,0.9605949778205852
0.6850636474646382,0.7186199986744959,0.9012708868890144
0.7228720919729051,0.9388391385655231,0.894743536449851
0.646610380801823,0.8111565850397884,1.004795348877223
0.77063315716944,1.0432327285464438,0.8811812429745065
0.738443229976744,0.8151639925182802,0.9651867089459513
0.6505341808779338,0.7236385257692687,0.9836864040344488
0.8065094752421375,0.74842695107118,1.0308156650276037
0.6734802020764317,0.8058632825832481,0.981247868820289
0.6389838387068225,0.7050000602273956,1.0580283511948883
0.6470827203797245,0.7964754651123473,0.9608443114964854
0.8407668131173345,0.8033595054932112,1.0292014306238948
0.7966082269234982,0.7174006091397619,0.9833742844467447
0.6360895227978229,0.6937770059537203,0.8694284662253784
0.7732895207685975,0.7787744275851916,0.9379833321311155
0.6954544298007129,0.6852925849324054,1.0829780549907273
0.6430349098949056,0.7385435976778745,0.8742379079775425
0.7436014013082843,0.695668104099393,0.7810513428354987
0.8565664069000818,0.6108399070973441,0.7611406255681102
0.8287717566085968,0.6118053522086856,0.8955390633127092
0.8435848208554366,0.7081621774793897,0.9829855757030453
0.7265149748951012,0.6024437201588757,1.0660997064530018
0.7007460845978125,0.6344649690946653,0.9665573326136593
0.7282989918399012,0.5678247134370054,0.8407947818807345
0.7830798175169068,0.6491057944918733,0.9402802420040929
0.6807475913661135,0.6727343125902725,0.8627711333801547
0.6322664902174457,0.736508753069182,1.0760224049319924
0.7759817650558787,0.8367159586596296,1.0075781333627163
0.7538108714703241,0.6838962418768323,0.8831780466848829
0.6266472329729159,0.6686009962625454,0.8853800456296016
0.6725203277285547,0.7476596356743446,0.8555962352949298
0.7346515941393809,0.8000698099346695,0.9049131171444565
0.6682286050306283,0.782134173536418,0.9576095525866462
0.6452231806004551,0.813126838572872,1.059226003208284
0.6981162777799008,0.8167467532623214,0.8937068987740516
0.8063701474688701,0.6993385669297978,1.1840096896831236
0.6597394059180743,0.6522570377301873,0.9867479019671352
0.8217781558709941,0.6244541215878072,1.0106972079003387
0.694482320016522,0.6071191818890912,0.8385611266666156
0.777078363915917,0.544465323449646,0.9970551383197317
0.8109689338784986,0.6185617154187925,1.060769245515701
0.8781765894306954,0.8738909823916552,0.9107625661552532
0.8793811168488977,0.9882401148233009,0.8880118815354636
0.9164455074369748,0.5870550673128259,1.1096624477022197
0.774110489168862,0.6292690686301224,1.0556559978725084
0.6641307788595694,0.5787917768445808,1.058843287468917
0.7493858942939114,0.6957246764346632,1.014459404085056
0.8682906923050381,0.677175321831899,1.0559379675387142
0.8667584301920144,0.7023265748428753,1.0750975655662045
0.8082984016849507,0.7195674862218194,0.9846180476702794
0.7173004088350103,0.7277438342952984,0.9912509258743878
0.6504531369563132,0.6889895672684784,1.008444554719486
0.8478358078292627,0.8062969801351026,0.9277772067747119
0.8095931213189939,0.9100629758973545,0.948088585469544
0.6379440771783166,0.5995666567449023,1.1356338130026489
0.8166327004416903,0.7915229560704485,1.0269161394133535
0.8000089744580536,0.6954698046961406,1.1087799570837222
0.7434731892357873,0.7368629342309942,0.9956762001877638
0.7602892866421279,0.8064672533165776,0.8613441207871707
0.8393520151091642,0.8380664841342171,1.1388486628604828
0.6907489110639774,0.8899185487706003,0.9471604353093666
0.7951823390673373,0.7319175295740727,0.9811696664085278
0.7258588549877878,0.7496574746844338,1.0334268746156092
0.7399936873823231,0.6919915572969187,0.9028653594100489
0.7465116676471604,0.7884749264020462,0.9378437214669296
0.7116694993918441,0.7981469919179555,1.0465386542184962
0.7979385221711117,0.8290678056979291,1.1099684630137074
0.6423516786755693,0.8804242242114991,1.152555481465099
0.7652940456454588,0.8109432334582674,1.0304837995693443
0.7501058620475225,0.7587541666672958,0.9718741450095065
0.7920514083565644,1.0575287020025637,0.9246829243261476
0.6358326114659996,0.959685153214238,1.0758711944821673
0.6646461696638265,0.9324124927852534,0.9217842317763375
0.7448836536287189,1.0780652541972966,1.0309867603719711
0.7239571105213367,1.2109265003911642,1.14288049069295
0.7877281031767043,0.8674855943719121,0.9455102096792014
0.7765413396787259,0.7972895008070113,0.9428250302646531
0.7173129274741743,0.607234868468672,1.056974970261639
0.804819825771186,0.7308947151617802,1.0631179063706806
0.7552955349130763,0.8330837361702195,0.992477639002947
0.789680755283148,0.7350151854091859,1.0404618445709293
0.7987579548346779,0.6966748905190473,1.0924528970241054
0.7448573095782001,0.7948332134935158,0.9607158941607844
0.8235647314203329,0.8445920988319936,0.8892069515008454
0.6857870591231875,0.707403985029905,0.8632300713685109
0.755953722644331,0.79379005887882,0.9475561319306407
0.723510439460462,0.7035199209364099,0.9261927115310215
0.7377179141147062,0.8550503422745226,1.1319636724196325
0.8474514200079015,0.9805755129650612,0.9114333863321165
0.6172040063401047,0.6198532751038447,1.0352066151505095
0.7155350226281741,0.8126103335779737,0.9642390843041411
0.6818600672805183,0.6258380175934537,1.048542265686473
0.6329801642643023,0.8015163822996724,0.943348418920109
0.8229785884639669,0.8255291422048803,0.921899940598342
0.889047218562296,0.6516024887660723,1.038249904858234
0.6113209887115328,0.6017929230054623,0.9583495768334762
0.7247465296134148,0.5580187612324834,0.9021582056144338
0.8709701428087243,0.6342801323506434,1.0293888512376206
0.7501210032886593,0.7771649386189806,0.8987535093678295
0.7407255151061105,0.620523942692364,0.8743350694207302
0.7818428247523423,0.5895091432290868,0.9151461481966988
0.6636563146292774,0.704880162213358,1.0905115468714959
0.6524935783307012,0.5867214139668281,1.0223635806083315
0.6470198648579065,0.6357977135578118,1.0562721772182828
0.79579677928273,0.6518863841721834,0.910800500356273
0.7348595246631286,0.6981620718386201,0.901134474700215
0.6837704396035678,0.6384825844899314,1.097712983714027
0.6666164359783273,0.5780029113477158,1.0042947592537848
0.8657547536238429,0.6829658003350605,0.8966603123831466
0.8361638784074427,0.7400427206972476,0.8773460321129823
0.6979041645847035,0.852797788616426,0.880332891881814
0.7744683825518422,0.8567131993230701,1.000175814543048
0.8955295471034803,0.766277122164557,1.0352982378545785
0.7040482003461088,0.6977614630665983,1.0646537790552617
0.6734523885270632,0.6994229840170275,0.9158442534257633
0.8119263469822832,0.6094315098243915,0.9800671444853463
0.7390622532723445,0.596050444948288,1.0082641507545986
0.8345598916315446,0.6585769395361478,0.8710835618838855
0.710834230904665,0.763355842345086,0.9559814405087361
0.7989083694672916,0.7787090824536147,0.9460497533764063
0.7428949312597822,0.6814209593911241,0.9596924519581189
0.6904625787254512,0.8124140036048201,0.877356050000101
0.7435495645998059,0.6709590450208054,0.9541300998534131
0.7346618568752853,0.8348558636966816,0.9499371369028834
0.629891733028137,0.8042931095536895,0.9479592210113944
0.6846575707603257,0.7729651135737055,1.0464130512866647
0.6870322641530388,0.6988620049381298,0.9425848973663667
0.757570171189666,0.8156863387562935,1.0418120682831342
0.8528733037170354,0.6903008905233634,1.0569627993559674
0.747199675539804,0.9123028717584619,0.9909014425700303
0.6682045175773018,0.9307374050010992,0.9691568010194134
0.6567850479650114,0.7701557485569034,1.0179330783914018
0.7874575204718465,0.8033578713540392,1.0635600061659103
0.7491549799519486,0.795352650527577,1.1156185831755072
0.6870928514146306,0.7358163702981889,0.9798733226082927
0.6473521908262564,0.8596880352565118,1.1080083495434878
0.6562552576335019,0.6826486056367108,1.0610553737079544
0.7536743560993497,0.7777812718009653,1.0231715601131743
0.8313164502724535,0.6732327103118674,0.7786468940070008
0.7053283247670847,0.741652065212143,0.9403175150284039
0.7101325196166438,0.8766910176999243,0.9008721648545774
0.7405042570535293,0.8346804078860536,0.9956301764335926
0.7653460075693456,0.6580003134575209,0.9498028960177761
0.6413192730104651,0.753423787017991,1.1198064573399462
0.6794857002148513,0.7502881197457493,0.9336313375316992
0.8075957088723851,0.7534410865777272,1.0766290290760188
0.6919364784489005,0.9525417474574498,1.061916968825627
0.6559704271020532,0.7549589025334472,0.8898663629092554
0.6584661469436728,1.0005443094963706,0.9203191600015695
0.7846430651300844,0.8090318396684714,0.8435980235287676
0.7959599141355704,0.757717816315085,0.9284844723109277
0.680205279335102,0.8410218820145925,0.9613407993145611
0.638617957360272,0.9123074155524451,0.994023303320131
0.6904359948921749,1.099885293565095,0.9617576724687577
0.7935632541292936,0.7078806258707401,0.985353435425889
0.7290505926150599,0.7311688323491682,0.9774320818214074
0.7891177296856242,0.9653888868636538,0.9586408845866207
0.6778231139869919,0.6937623405897231,1.0368036476288947
0.746001485217831,0.7938959205310421,0.9063013388791058
0.8062778857531171,0.7382860952515566,1.0069459076543588
0.7594328356965256,0.6729074451092485,0.9854849291993071
0.7539928483436054,0.6416968441064859,0.9342975983625526
0.7858776368130796,0.7409380032455376,0.9472636320810327
0.750203917707009,0.7427568400861495,0.9168337223965466
0.7176935900385146,0.7756010920059757,0.9763895232938148
0.863421884529038,0.8038105913232245,0.9917495624803353
0.7056955242132185,0.8795585722386485,0.8284071539502302
0.7506222829916193,0.7475360848004293,1.0145339528992408
0.735749210466645,0.6936293355388065,1.0462315740649835
0.7412422461116802,0.7814260132241496,0.8867259043257334
0.7128260145635422,0.6319587974835261,0.9167408010063025
0.7671656979965761,0.8280158439547026,0.9999297262498077
0.6619240161998716,0.7301796816091064,0.9245546846819429
0.8293561509061314,0.8591265977443352,1.0676847242287175
0.6829311518167799,0.7653247564745631,0.9459037484960251
0.7549802364757927,0.6413810271337264,0.9398254831729171
1.0653866802699525,0.736893096281557,0.8784413749665545
0.8233907252121718,0.8151648421908754,0.8687523836181616
0.8513295524513379,0.685856131789915,0.9367115013381045
0.8243308056407467,0.8451777510401353,0.9865026701537747
0.8279091142233632,0.7324118876998589,0.9962929587812445
0.7916837444911916,0.7714263305770399,0.9569453190358348
0.7275830434596127,0.6773579107938325,0.8515250160179472
0.7386257851976443,0.7786763228860966,0.9439521863014245
0.7489843256534926,0.8547825320716981,1.0468836044372416
0.9267139753273492,0.8236468487568862,1.0224850326131238
0.9231059125374431,0.6780246365305884,0.9820321110880474
0.8595848955185281,0.778302966119709,0.8508635751725129
0.924634993246306,0.721931368684717,1.0116243127325961
0.8461879636846904,0.6722864044532977,0.9309784350963948
0.8681789903792193,0.7032793040282518,0.9702927870865641
0.789408351758882,0.6532237291515526,0.8455884092003224
0.8095557284533956,0.644942531801542,0.9110784843963666
0.9380738010125683,0.614447436492364,0.8877695106243885
0.7205723144174162,0.6939525732280328,0.9628160823280602
0.913459682886848,0.5430024157532536,0.9787557411199028
0.7450519675359911,0.6199972128481297,1.0959277657632698
0.7031678292041312,0.7632461044127232,0.963370887439743
0.7011828978274947,0.638445751586354,1.1173514856643385
0.7740309739699033,0.4056998919727251,0.9698580473287873
0.6320858282229348,0.6291778719209868,1.0104320183442308
0.8010471085441021,0.4276627168917007,1.0019630176903753
0.6562812074411671,0.6813627739583408,0.9309030190158333
0.6235691645041311,0.6790448389165294,1.0095611506087565
0.7953887529509566,0.6364072832280997,0.9678598450373935
0.7735822015237648,0.6908313441853375,0.9540065365200712
0.703532083452563,0.5685157561780473,0.9301783597179041
0.6876538429297055,0.612890724960932,0.9530242586534279
0.666519967580201,0.5393120823192256,0.8258058543640977
0.9276224428358717,0.5059793003976193,1.030713971120247
0.7880417992706354,0.5984113171100622,0.9875842966629643
0.6612423740633208,1.0532347557930872,1.0528418865734248
0.7290178301801438,0.7420045851372945,1.1811609520641757
0.6528136141237352,0.5782362724923076,1.0799696806123853
